SET SQLBLANKLINES ON;

INSERT INTO medical_employee
(EMPLOYEE_ID, EXPERIENCE, POSITION, LAST_NAME, FIRST_NAME, PATRONYMIC)
VALUES
(10001, 12, 'surgeon', 'Petrov', 'Petr', 'Petrovich');

INSERT INTO medical_employee
(EMPLOYEE_ID, EXPERIENCE, POSITION, LAST_NAME, FIRST_NAME, PATRONYMIC)
VALUES
(10002, 13, 'surgeon', 'Ivanov', 'Ivan', 'Ivanovich');


INSERT INTO medical_employee
(EMPLOYEE_ID, EXPERIENCE, POSITION, LAST_NAME, FIRST_NAME, PATRONYMIC)
VALUES
(10003, 10, 'nurse', 'Klimova', 'Elena', 'Ivanovna');





SET SQLBLANKLINES ON;

INSERT INTO medical_establishment
(ESTABLISHMENT_ID, NAME, ADRESS)
VALUES
(11, 'Regional Hospital', 'Gagarina 28');

INSERT INTO medical_establishment
(ESTABLISHMENT_ID, NAME, ADRESS)
VALUES
(12, 'Hospital ¹1', 'Gagarina 50');

INSERT INTO medical_establishment
(ESTABLISHMENT_ID, NAME, ADRESS)
VALUES
(13, 'Traumatology', 'Kirova 10');



SET SQLBLANKLINES ON;

INSERT INTO hospitals
(HOSPITAL_ID, ESTABLISHMENT_ID,  NUMBER_OF_CHAMBERS, NUMBER_OF_BEDS)
VALUES
(101, 11, 80, 100);

INSERT INTO hospitals
(HOSPITAL_ID, ESTABLISHMENT_ID,  NUMBER_OF_CHAMBERS, NUMBER_OF_BEDS)
VALUES
(102, 12, 50, 80);

INSERT INTO hospitals
(HOSPITAL_ID, ESTABLISHMENT_ID,  NUMBER_OF_CHAMBERS, NUMBER_OF_BEDS)
VALUES
(103, 13, 200, 300);




SET SQLBLANKLINES ON;

INSERT INTO med_department
(DEPARTMENT_ID, ESTABLISHMENT_ID,  HOSPITAL_ID, CASE_NUMBER, NUMBER_OF_CHAMBERS, NUMBER_OF_BEDS)
VALUES
(1, 11, 101, 1, 80, 100);

INSERT INTO med_department
(DEPARTMENT_ID, ESTABLISHMENT_ID,  HOSPITAL_ID, CASE_NUMBER, NUMBER_OF_CHAMBERS, NUMBER_OF_BEDS)
VALUES
(2, 12, 102, 1, 50, 80);

INSERT INTO med_department
(DEPARTMENT_ID, ESTABLISHMENT_ID,  HOSPITAL_ID, CASE_NUMBER, NUMBER_OF_CHAMBERS, NUMBER_OF_BEDS)
VALUES
(3, 13, 103, 1, 200, 300);





SET SQLBLANKLINES ON;

INSERT INTO doctor_to_department
(ID, DEPARTMENT_ID,  EMPLOYEE_ID)
VALUES
(1, 1, 10001);

INSERT INTO doctor_to_department
(ID, DEPARTMENT_ID,  EMPLOYEE_ID)
VALUES
(2, 2, 10002);

INSERT INTO doctor_to_department
(ID, DEPARTMENT_ID,  EMPLOYEE_ID)
VALUES
(3, 3, 10003);





SET SQLBLANKLINES ON;

INSERT INTO chambers
(CHAMBER_ID, DEPARTMENT_ID,  CHAMBER_NUMBER)
VALUES
(10, 1, 1);

INSERT INTO chambers
(CHAMBER_ID, DEPARTMENT_ID,  CHAMBER_NUMBER)
VALUES
(11, 2, 2);

INSERT INTO chambers
(CHAMBER_ID, DEPARTMENT_ID,  CHAMBER_NUMBER)
VALUES
(12, 3, 3);






SET SQLBLANKLINES ON;

INSERT INTO patients
(PATIENT_ID, CHAMBER_ID, RECEIPT_DATE, DIAGNOSIS, LAST_NAME, FIRST_NAME, PATRONYMIC, BIRTH_DAY)
VALUES
(111, 10, to_date('11.05.2020','dd.mm.yyyy'), 'fracture', 'Kirov', 'Mark', 'Petrovich', to_date('11.05.2000','dd.mm.yyyy') );

INSERT INTO patients
(PATIENT_ID, CHAMBER_ID, RECEIPT_DATE, DIAGNOSIS, LAST_NAME, FIRST_NAME, PATRONYMIC, BIRTH_DAY)
VALUES
(112, 11, to_date('01.12.2020','dd.mm.yyyy'), 'fracture', 'Krakov', 'Andrey', 'Andreevich', to_date('13.04.1900','dd.mm.yyyy') );

INSERT INTO patients
(PATIENT_ID, CHAMBER_ID, RECEIPT_DATE, DIAGNOSIS, LAST_NAME, FIRST_NAME, PATRONYMIC, BIRTH_DAY)
VALUES
(113, 12, to_date('18.11.2020','dd.mm.yyyy'), 'fracture', 'Limonov', 'Kirill', 'Kirillovich', to_date('29.03.1990','dd.mm.yyyy') );
